Arun-down1,,,
,,"[0.888088,0.357031]",
,17e4907fe60eb1a5983e0a972a9c5dea,,
,,"[0.983328,0.386078]",
,ce761c447c8d1ebcd464c2e853fbe6fe,,
,,"[0.945975,0.479075]",
,a1ded01857dd648b7f9d740052c9fbd2,,
,,"[1.092100,0.381755]",
,21dd27c5bd136f33ff66e45e92cad7b4,,
,,"[1.091912,0.443259]",
,500ef2372b4fb59f82d043373765c244,,
,,"[1.177594,0.464517]",
,1d386ed85cb92f67ac703bc224f7a7ee,,
,,"[0.978323,0.402535]",
,c458940dd4940b0aaf9965d8f462f7fc,,
,,"[0.924389,0.440854]",
,018c336c72be899f7eaece41b15c7a40,,
,,"[0.895983,0.447844]",
,6317dbad5d8411a68f476cd44b41ad58,,
,,"[1.080623,0.458962]",
,86c511c1901b2ec220f6844c29cedeb7,,
,,"[1.052605,0.422317]",
,cb9bc7e488a25cf62e180590a529850e,,
,,"[0.994485,0.477122]",
,f40f2fe0bb3372ef3db4dcaa82456ce1,,
,,"[1.057005,0.464366]",
,d08aecdfd5b0e2ffb967e8999e5f6315,,
,,"[1.077277,0.674994]",
,c521f4e3f22029fb81372c2930023ea4,,
Arun-left1,,,
,,"[0.678407,0.644072]",
,3653b62ef2f03f7656d14b75b8938a78,,
,,"[0.534102,0.667508]",
,b25cf6ae7c19804e7e210bb6844e07dd,,
,,"[0.573560,0.708235]",
,8984fa4da95115714598b4ebf4b3bd37,,
,,"[0.461278,0.736776]",
,73af52947c590bb04e009919adaa4c6a,,
,,"[0.401195,0.750583]",
,8e3b38a7457cad950d895e21e00e8d08,,
,,"[0.433145,0.638374]",
,21a762e3cae87465e364a33fc1fbb84e,,
,,"[0.661335,0.646662]",
,9a1dbdaf73a51d3c6a70635e3039065a,,
,,"[0.533062,0.666229]",
,29d7d770706755124c168be09b5c1689,,
,,"[0.536789,0.728109]",
,bc4fe949dd4213cc68f86ed369ae73a4,,
,,"[0.627591,0.670754]",
,0b27355a22ef1b0aeac2f46c730002d3,,
,,"[0.949609,0.625988]",
,493eb46a0b672a24478ee5506bc39152,,
Arun-right1,,,
,,"[1.891716,0.752339]",
,f1d33892d77bcf3b63270884dcc809a8,,
,,"[1.983452,0.663909]",
,8b51cb5ee875bdf41bf0481ad2db27f1,,
,,"[1.823419,0.746367]",
,186497149a14b61b417b97837e168754,,
,,"[1.317150,0.724915]",
,2f582f9b4fb04c996aff2fc813e0801a,,
,,"[1.462081,0.676903]",
,ce355d02a996d5bca9837eccae3b7b76,,
,,"[1.698977,0.764276]",
,79de9ceae8c4e015a57291365fac7efc,,
,,"[1.877015,0.695378]",
,019ce1d640221486078436af809b6867,,
,,"[1.741959,0.696525]",
,ab3e089c3fe8a3449f9cd09bc73b44ef,,
,,"[1.441243,0.643583]",
,b81476036f562df4a2bfc4e3deb1e03a,,
,,"[0.955676,0.675641]",
,885cd44ecaa7be17b65d6c4dec980a72,,
Arun-straight1,,,
,,"[0.973893,0.684795]",
,a7ccbe0c48d18a8bed0177c241c3413f,,
,,"[0.991826,0.566474]",
,8ebe892de29b3079152d4b77ef436119,,
,,"[0.948397,0.595125]",
,f0314d7d2c63034d1496f2b9854756c2,,
,,"[1.062572,0.705663]",
,2c77fd175a021f2fb435050fb03d4593,,
,,"[0.945994,0.665334]",
,f81f5698b866c4244f067b1459941d11,,
,,"[0.968517,0.565216]",
,f339fa75f8058a73edbd6aa2dd05e377,,
,,"[0.853950,0.622046]",
,10db63d2f14851373f370f1c92198131,,
,,"[0.931015,0.594996]",
,61dbf4f53f6d1c1d2acc7532c7cb942e,,
,,"[0.923143,0.617118]",
,87345e2b7d084bd5e105525477c7cde0,,
,,"[1.007742,0.674988]",
,1bb9eafc5d5c40a23858cd7c43e8651b,,
Arun-up1,,,
,,"[1.080108,1.021303]",
,42ca41a85c9547dc1bc20973718c4795,,
,,"[0.952529,0.873645]",
,8cc48985eb20471a9da5ef317a3660d9,,
,,"[0.988600,0.826210]",
,5bd389e3071964d5a8ea18ba47241569,,
,,"[1.044978,0.942999]",
,554e192b0f9b12fa73b02e4efe473606,,
,,"[1.002272,0.905140]",
,f6a92c85bab97d9b47494480966d18d5,,
,,"[0.976328,0.917030]",
,9891ba223023363812cbca1f7a641276,,
,,"[0.943585,0.859383]",
,1b5abacd2606c9ad123136755456a4b0,,
,,"[1.040815,0.836978]",
,c93b44a24d64821fe368c043d8ec44ad,,
,,"[1.072775,1.118514]",
,21444e338c307da7dd6fe6f544c76039,,
,,"[1.003416,0.942839]",
,d5524db936d4f62d99254a954d86b313,,
,,"[1.080075,1.141692]",
,d76f465d7c0d3b11c67170ad1c33cf8b,,
,,"[1.050262,0.958271]",
,41321fa0c05a89bb46d7dbdd4846b499,,
,,"[1.086310,0.621731]",
,a4dca12e77b8215cfacdb10bd7bbf97d,,
Dinesh_down,,,
,,"[0.823890,0.821762]",
,ec8c6fe0ba3dcc58e010177ea66a1e8a,,
,,"[1.021821,0.875628]",
,9b8a68f153ab82214c8e0f4a86ced633,,
,,"[0.795084,0.737976]",
,d022b0ea82691c0c75262c15620ad6c9,,
,,"[0.919881,0.670060]",
,9173cedbd67d9727a270719b865cc65c,,
,,"[0.940464,0.940691]",
,75afee5a6bd67dc5e8703a9a753790c8,,
,,"[0.863568,0.908670]",
,8797e81e7313b5070b13938c93ff3d16,,
,,"[0.920190,0.910889]",
,654c35a64c7edc3dc8e34eb1065fd516,,
,,"[0.894905,0.813635]",
,50d697e2dc7b4ed4fb965f5f7787c3ca,,
,,"[0.865632,0.909086]",
,777fbd311a190bcd8977ab77fcda5cd8,,
,,"[0.883275,0.914125]",
,b82f9608418982d369992c5f8c05e05c,,
,,"[0.766743,0.847586]",
,ad1564a306d2df13a2f92c70061b72fa,,
Dinesh_left,,,
,,"[0.676523,0.648150]",
,6838628720ce9182f8fcc06e0995aa8b,,
,,"[0.587940,0.664102]",
,0f874cfe982aa397dca9ab70a67654fb,,
,,"[0.486130,0.759011]",
,c4a19f1476cf57744aecaf5272182f9b,,
,,"[0.445017,0.673621]",
,a3b2885c670f1483610f3985bb501376,,
,,"[0.568559,0.747333]",
,908f63f27fdf30d5453bbdc4890992c6,,
,,"[0.529281,0.698004]",
,b05a97f25efcb6a5c151c72ba766b1f7,,
,,"[0.597824,0.664233]",
,93fd21b0cfcdcdeb9db3317ba722b93e,,
,,"[0.489227,0.701785]",
,7786880bb7953c9e920fc3df7bca60a4,,
,,"[0.727610,0.650898]",
,908bd955a9f53e811568a621a6e328eb,,
,,"[0.431853,0.727005]",
,c02a03e08decbe4dbcde6ad79261e5b0,,
,,"[0.564931,0.683226]",
,495b45d7133a13f6770bd51630b97854,,
,,"[0.582762,0.679642]",
,0401e734fd74761b7b7a9e34e78ee692,,
,,"[0.520895,0.655087]",
,82fcd90dcc04a6e031ad3a03c81e03de,,
,,"[0.555764,0.733629]",
,631fdca8f5f701acd5000bebecb56e70,,
,,"[0.513217,0.692928]",
,45d191aed486410af4cfacc0f384971b,,
,,"[0.488381,0.747803]",
,75dedb5dc1e557daef5d00a3d8bdf36f,,
,,"[0.463631,0.746857]",
,369a37dc622d163f3f2c9487f370db1e,,
,,"[0.600056,0.694419]",
,ea8543b7ddbd3a54eec9b0abf962fa09,,
,,"[0.327073,0.705311]",
,d186acfe3553854ba38cdd9712a7d610,,
,,"[0.495692,0.695128]",
,879ff696ddca3aed7e119c15a0c1a620,,
,,"[0.393542,0.688627]",
,f26f8cf96b940021101aeb42767c42e2,,
,,"[0.537801,0.682709]",
,d3c458007dbe31e1846f6101853e27aa,,
,,"[0.532252,0.755561]",
,8740bf2a37c189888f8075212d18fa3d,,
,,"[0.592243,0.686713]",
,218a16fde034cee3e835930df13abe6f,,
,,"[0.440177,0.707148]",
,4032b21e8c4c42b22066f4dd3d787db1,,
,,"[0.423717,0.714349]",
,b9fec74af97f765f111e8f90cd994d71,,
Dinesh_right,,,
,,"[1.598172,0.672500]",
,9ed9612da6c762948ea86b1297dc066d,,
,,"[1.268122,0.692542]",
,19d876c53124fc15a0ba422840c210a4,,
,,"[1.738646,0.712346]",
,0af0e8445231d7142e4cb5c071a881b7,,
,,"[1.548319,0.656876]",
,b641f28e71997a91269a7daaf25a7ca2,,
,,"[0.434776,0.719877]",
,e3fe1fa09fce3464ec5af64e158cacf0,,
,,"[1.355826,0.670295]",
,bc8f954923a8b4a4422f8a6713540b7c,,
,,"[1.898881,0.676013]",
,06810c4c4bae7dfc22eea0ddba161ae0,,
,,"[1.661701,0.722573]",
,32694f28045e56a2efadccd63cb3c37c,,
,,"[1.666674,0.670713]",
,2380ab200ff2452ffa6cb884f3089012,,
,,"[1.631485,0.635396]",
,d8bb5da351cc295db424f57336724b69,,
,,"[1.316028,0.645900]",
,eb8dede80c746fdb0aa3383dc0b45bc9,,
,,"[1.802463,0.668369]",
,b784bd3cd5bfdef2f31341f143fcfe2d,,
,,"[1.122359,0.665981]",
,f8348d85da2ada0cc1e0022ecbeebe87,,
,,"[1.487639,0.800851]",
,c438eb781d3ce9a9170b0222274712d3,,
,,"[0.897644,0.664491]",
,fe39bf63554603a7c09a21b9e97dc84a,,
,,"[1.312941,0.659812]",
,041a7b5af781ea1c38af59dddd27add7,,
,,"[1.442524,0.667754]",
,ab8d95cd630730d9d5e18d1341ee7e38,,
,,"[1.578875,0.784946]",
,bd1c02bb5b7f597a276be6ecdbb0e42c,,
,,"[2.159045,0.715856]",
,5696b47488236d7d2d98c30f515e23b2,,
Dinesh_straight,,,
,,"[0.933292,0.704308]",
,668f9955f697264112d6d8b8ead32bbc,,
,,"[0.875865,0.653307]",
,fe2af3427e981e7f991bd5ef38bc4e9f,,
,,"[0.924696,0.649846]",
,0c5924cb411f957b9ed70889e8f14b82,,
,,"[0.885647,0.643694]",
,522f6bbbe4b8df66ae5b576cf78a383a,,
,,"[0.841626,0.709717]",
,cec82d6feda4aaeadf3ffcac80541c92,,
,,"[0.890638,0.680968]",
,022d28a705408d008fc29e663e96bd9e,,
,,"[0.874940,0.692461]",
,5a446a0b5969f62f889438795aa55954,,
,,"[0.926819,0.708661]",
,85ea0bf68ac0a2c4627302b8605e4efa,,
,,"[0.909047,0.650435]",
,0a1fbc987ae9d2a68ff1c9378b3d235e,,
,,"[0.922699,0.666730]",
,84d26813e4839f7043e7561c7dd36c0c,,
,,"[0.859108,0.681322]",
,fe7101eb578894247b75dfaea2f0bf15,,
,,"[0.974768,0.694556]",
,de965710b1556271647251834b976aea,,
,,"[0.817133,0.730535]",
,86aa7001ac6c73cfd49ea391099c51bf,,
,,"[0.897473,0.695565]",
,687e0d726bacd919008e2b1d3e336729,,
,,"[0.897346,0.624285]",
,ce82b069dbd8f1064f6c890db7093edb,,
Dinesh_up,,,
,,"[1.021457,0.838906]",
,a5e81e70c00649b854eb5834afb7e635,,
,,"[0.860504,0.940980]",
,f4f31cecbd41e4a1b31c4c815386abe1,,
,,"[1.009132,0.887960]",
,ea8681ddc6650af48eeef481e5df67e9,,
,,"[0.937145,0.564206]",
,1fc841215658fa42f39d7a19384bb109,,
,,"[0.983398,0.720469]",
,4e05b4dddcbbd5def48e23aa1233438f,,
,,"[0.980281,0.757010]",
,9912e65dc865e25e6b89dd0263ff730d,,
,,"[0.919545,0.667421]",
,948e25f35a8aed42fafc9bb5f523743d,,
,,"[0.976046,0.626284]",
,83eb7e925d1bb98b5bc02b3778a6634e,,
,,"[0.934254,0.694419]",
,2f4b33d5fbbbab9ac85ddae4064fe186,,
,,"[0.950991,0.687098]",
,041b182e1ffe45d0b71cebedb66126af,,
,,"[0.951934,0.694903]",
,1f886cbedb3ae0540440c788014db262,,
,,"[0.953124,0.758048]",
,691df66726f298365e65fad5392b4037,,
,,"[0.931359,0.573035]",
,edbb902abce60aca6dce5e5fab18125f,,
,,"[1.015897,0.792342]",
,a3be8ff5cfe3b396b16d503d74eaf903,,
,,"[0.931771,0.861496]",
,c8e9825efbac9542153cdd135614b05f,,
,,"[1.024471,0.826470]",
,c1232843c41d031bb237540b20b90b1f,,
,,"[0.960128,0.728785]",
,864538616f19b966aefcf3b30712dde7,,
,,"[0.920034,0.577661]",
,99ba0912583121e2de951cab0f55ff31,,
,,"[1.086302,0.734742]",
,4e4a8c0dc4f00fb7ec6b3131cf7caa93,,
Sankethdown,,,
,,"[0.895778,0.619312]",
,ac9aa91d27fedcfdd9fb5d0f95a62656,,
,,"[0.877948,0.653744]",
,b92e6c425a04568f62dd4d2be8c4952a,,
,,"[1.090270,0.615924]",
,92f04bdd75da2cc2a9d062d1c859ea9e,,
,,"[0.806319,0.679445]",
,6701bd6be233f534a76a3e57dccc1b5f,,
,,"[0.904169,0.585905]",
,a9dac289eec25b86f114b4f1d810f99b,,
,,"[0.985241,0.554899]",
,1a7509717f29ec31ac7463042775ee3f,,
,,"[0.911542,0.585819]",
,6c49885338a9e26ba26b08279555aa65,,
,,"[0.986767,0.628025]",
,200b8124787d180b4a55b0c4f32bc7cb,,
,,"[0.801003,0.645568]",
,ce46ac4388d138672f26d32b47926993,,
Sankethleft,,,
,,"[0.488776,0.774930]",
,e1b0a3a3df834cacf74cdd42cf217472,,
,,"[0.474451,0.818292]",
,0a037eea6311ebe4d56cc06dd9a56d32,,
,,"[0.361224,0.776678]",
,cdbb2fd181c9caba5872af50f2a7031c,,
,,"[0.548028,0.819215]",
,4382aec451a5416a83f1d7355ffec05f,,
,,"[0.608627,0.834121]",
,67b0c907b785468d9adf9d55eba05a53,,
,,"[0.570386,0.841608]",
,43ee8d62586fd616e880779137ff7239,,
,,"[0.638157,0.801920]",
,f616b8f17c17932aef034f5b29a35033,,
,,"[0.534515,0.850791]",
,75f37064222099b1e3af841894a4925e,,
,,"[0.683357,0.818649]",
,3680ce7b7ea1356b0dcbf3fc371ce1c3,,
,,"[0.528076,0.804234]",
,546938365a6cd674002eb706dae1ebf3,,
,,"[0.575147,0.784036]",
,fda5b1366c0fa07f548c040838c38219,,
,,"[0.569528,0.784939]",
,a7c09fbfeeaec2ec67be8efbb48756b0,,
,,"[0.515917,0.806374]",
,128af572262423468d40d2410ddab058,,
,,"[0.526415,0.880222]",
,adcef047fb9b813f8905e79f6cd642e2,,
Sankethright,,,
,,"[2.117160,0.878970]",
,0be44dbb8b1732305320383b2c6dde58,,
,,"[1.382310,0.778199]",
,07e71facc6bdf4b1e6689cc81040c9be,,
,,"[1.878847,0.811184]",
,2636eef4ac2b0d750ea9a38be44305bc,,
,,"[2.044719,0.885207]",
,dae627525c4a8e059e06c7c76b922ba3,,
,,"[2.174707,0.810013]",
,376406f0a51a562cff492a5e09fbef7a,,
,,"[1.747038,0.889961]",
,5ce49e37e41e0ce7799e0d340146c5df,,
,,"[1.834168,0.880771]",
,b8dbb349ac048d80c66402c4e3820283,,
,,"[1.733355,0.836659]",
,7543beeff06d6294040229b1371e60cf,,
,,"[1.662729,0.769708]",
,826219e3024079e9502f96d5a5c25520,,
Sankethstraight,,,
,,"[1.020359,0.844566]",
,945026073330fe997c662e57c9b9d501,,
,,"[0.904356,0.875316]",
,932bdd212c90c1a71dcbbb84a68ab795,,
,,"[0.882027,0.746027]",
,bc4c6d48ca8eba5e4093f6a2f9ee325e,,
,,"[0.933516,0.856790]",
,d4b7a83e1ac449af76c8cad0d94be939,,
,,"[0.973181,0.771728]",
,2965cefb70da25a505f6ffaba30f3d13,,
,,"[0.933266,0.896128]",
,112bceddf71502484fb36e058657ec1d,,
,,"[1.041960,0.778274]",
,14803a4373b74286ebdfb25bf4244f15,,
,,"[0.975740,0.839319]",
,6a52e407d829574c73ad01990f37d6b0,,
,,"[0.984866,0.886595]",
,e2a602bd8cef9e70522ece76246a1441,,
,,"[0.920937,0.747311]",
,8495799ed4be0a1361e131ee0c1cd5f7,,
,,"[0.854975,0.809953]",
,0f259249fe4bdf29927969cf79069628,,
,,"[0.984465,0.785699]",
,f7b04f52b2d5b6106dc75f5b601fd6e3,,
Sankethtop,,,
,,"[1.128658,0.999129]",
,51393cc755a2871dddb6db0f16fad2ec,,
,,"[1.134494,1.079484]",
,004baaf98c951b1d958e5e6c9a904631,,
,,"[1.215007,1.120487]",
,ef0a8618f3b03635c899ca77435793ad,,
,,"[1.221747,1.013207]",
,b38bbea246cc5621d2b6aec09b50c4de,,
,,"[1.078134,1.125310]",
,eda5891628d07a59ffe8a6d0718a1f89,,
,,"[1.096655,1.038306]",
,78414957e87cfe35ca00436c88e0954a,,
,,"[1.018356,0.894430]",
,33287b70368410f7d243617c786b358c,,
,,"[1.066211,1.060254]",
,ea57ed734f7363d2a0ec12b7de58fcc4,,
,,"[1.161516,1.038387]",
,bb21f669853f9aa0e6e841c25abecb58,,
bharathbottom,,,
,,"[0.821005,0.520215]",
,3b249e4efd4a2c0e750997dfd087dab4,,
,,"[0.953192,0.488679]",
,0bf6d6fefe9e10d6bf2ba177495bb634,,
,,"[0.921223,0.486531]",
,d924e3a4bd5b98483b997e13be21d783,,
,,"[0.931252,0.530233]",
,6258558e8ff3da6a4abc45ea50eb4c1f,,
,,"[0.942163,0.541552]",
,39e086262eaa5d01077c081f785f3bad,,
,,"[0.885461,0.554081]",
,088a33a567ac8f1826269a7a68961e84,,
,,"[0.980908,0.538353]",
,d01db0fd23b254a9b6538611c84914bd,,
,,"[0.884743,0.533312]",
,97df8e84897654cc03faf95da9ea955a,,
,,"[0.959849,0.606906]",
,66d9a3762821943a67902722ff72552e,,
,,"[0.899369,0.461343]",
,2b390c1c4ca88cd0dd4584230cb31e05,,
,,"[0.933986,0.482496]",
,9dd16c6c9a014f546db0686aecb330e2,,
bharathdown,,,
,,"[0.887645,0.585814]",
,520388a232ee5e35265ad677de550557,,
,,"[0.973209,0.554771]",
,a350f5a3116ee6d487df89b80388f06e,,
,,"[0.938636,0.602855]",
,f1eb8ae2a71d43e433a97eca96b95c58,,
,,"[0.893866,0.611906]",
,9e84045e1c19b3bcc9b5002b5997b868,,
bharathleft,,,
,,"[0.443492,0.637651]",
,06a2be9304744e026ffde571f2491543,,
,,"[0.378385,0.667921]",
,dfae4be7ad8e3a7c3dbc144dc43cf0da,,
,,"[0.662875,0.652746]",
,bd050e8a360683f280f795e32194c8be,,
,,"[0.677534,0.643830]",
,243a8ba8f4efe0093baade67d9a129b9,,
,,"[0.705492,0.640218]",
,8cf47c02f7a8baf31e12a1dcc3e87ab5,,
,,"[0.626820,0.615326]",
,36970d3800c9c3788748ba7c1bce9893,,
,,"[0.425263,0.631084]",
,eeb9049924bdec864654cd4c130f90f7,,
,,"[0.431155,0.655766]",
,3b443159b148af8adf9b009dfbcc9a5c,,
,,"[0.703218,0.608302]",
,6a2443d0b68972a912ff7bdf1984c988,,
,,"[0.654813,0.635972]",
,b657ed7aab4c3410eb16984c720711fa,,
,,"[0.466390,0.625053]",
,bf0624f93416d677273b1f898e6b6516,,
,,"[0.501405,0.647656]",
,194a6dcb51493a4253bf22a662cb96f8,,
,,"[0.750867,0.665746]",
,b8586f79b13a84be45a6dfd4e7c26b3e,,
,,"[0.443810,0.634013]",
,c6dba87b34b46c32d2788203cf270578,,
,,"[0.672000,0.653205]",
,789353d9ab90b063721690244050a727,,
,,"[0.736269,0.629760]",
,dd7a8f6645eb4d333664fc900b1b276d,,
bharathright,,,
,,"[1.712569,0.713735]",
,5265e36d2cf241a4a0e56dafabf0e17a,,
,,"[2.746312,0.701413]",
,60fd90048fea5e533a082c1a7518af36,,
,,"[0.569767,0.662781]",
,728e5da207adbcb118830f3fca0071ab,,
,,"[2.424690,0.713197]",
,fbff35add39e8740c6c97afee688ed62,,
,,"[2.961261,0.678256]",
,825ab681ba7a2f4c03cef3977c72e3ae,,
,,"[2.616520,0.716844]",
,7e64a4a0fe7e68df3b181ff56fc7fe1e,,
,,"[2.865987,0.623170]",
,1530ec270485e7681a71d67992ee6ce9,,
,,"[2.396182,0.620900]",
,b3728225132da77ec0e1765090bac1e2,,
,,"[3.093776,0.692641]",
,a1df68c90d5aaac3bc4b4c7500124fe3,,
,,"[2.267024,0.657646]",
,34b94909ffafda1b47e56053110092a8,,
,,"[2.330899,0.708552]",
,124331045aaa92d4e80581e6374f34b0,,
,,"[0.605936,0.643823]",
,f9e0be72006bc139f43be90b57334020,,
,,"[2.261237,0.684129]",
,bfcb34b5cb963aaa6370c8032fc6752b,,
,,"[4.304810,0.683794]",
,2513ec3be7cfd0722b8840047b01c299,,
,,"[3.479182,0.677249]",
,8d93235759a17b9c8fb51456b4dc9333,,
,,"[1.418115,0.689362]",
,cff3e0d7d83fe7ba6f387b5969a7cfd9,,
,,"[0.545056,0.644554]",
,88c0bdca1eb3df4859aa8b0b9e76cf21,,
,,"[0.507060,0.669520]",
,983f8330616c68af287459f5173762d5,,
bharathstraight,,,
,,"[1.042409,0.693069]",
,f7c788a314a1235b5c31855636b0aad1,,
,,"[1.050915,0.733626]",
,d4dc471186d41502c68f02ef1517870b,,
,,"[0.974076,0.709774]",
,9e790083d4ae607e645726950379eefb,,
,,"[1.010504,0.681692]",
,9df502e8ead4a417c4abc32d6cfb76aa,,
,,"[0.930079,0.684360]",
,ea367bb3958b922e78f61c6f7787dda7,,
,,"[0.979734,0.679083]",
,a0432170959ba874a890eda0a1372002,,
,,"[1.018818,0.806220]",
,e6101f83ead27a42201759397f353f9e,,
,,"[0.992592,0.687360]",
,db0a65d6dc5859c2f0cf27c0bca2d91c,,
,,"[1.050380,0.831864]",
,fcdd68e4258cb80c7304c3a01769a0e1,,
,,"[0.991677,0.663530]",
,a5df68637054baf4a7ab7fbf9725b1b5,,
,,"[1.031579,0.677341]",
,e53fa68e4729437886409b54f1836044,,
,,"[1.012799,0.726285]",
,218bcee54a2e3f6df9722e8a0890cb8b,,
,,"[1.057770,0.716727]",
,c53d337326e4473bc82a062b6503f994,,
,,"[0.954355,0.708295]",
,962d9cad40c4ff70740c2dd51c88657e,,
,,"[1.027762,0.646507]",
,bc891c9c307611ca80b9c91829bacdab,,
,,"[1.021058,0.677090]",
,d3ff1df0928475350adca362c570d7fd,,
,,"[0.987535,0.674163]",
,c1d21184f9cd89c50b722793e1ca2fda,,
,,"[0.993493,0.770707]",
,cd313990e90ff21024734e86bb074cb3,,
,,"[1.001094,0.688224]",
,5660f6b14e5b2afc26d7101ccd1bf261,,
,,"[0.974692,0.750737]",
,977f742aae4a67350ccfa3a8bc408ac5,,
,,"[0.986046,0.647830]",
,bedfad74230e0a57f33cdeb8cb295063,,
,,"[1.024497,0.691433]",
,04a1f280b7d904458cabbfa272fcf4b4,,
,,"[1.021153,0.648756]",
,00ec52a03824397bde7b8c3fee6ce188,,
,,"[0.991627,0.698236]",
,7ab9f3bacf46c7d131bc1fea6866a624,,
,,"[1.007750,0.678715]",
,0e2fc25076e43ef3870c21ca5bfd4ebb,,
,,"[1.010780,0.682330]",
,dd2c6e39148eb48085d63a68afcc0981,,
,,"[0.991448,0.644429]",
,527347e9a166e8e1eca32cada78306d5,,
,,"[1.016771,0.680031]",
,9179af35d96af4afbb927c446650ef6e,,
,,"[1.015153,0.661202]",
,6c6823e509b371d2e0e3cd04ddadcf07,,
bharathtop,,,
,,"[1.074317,1.039758]",
,20fc68bf9759fb8d3670dcaa14cc8a8a,,
,,"[0.971898,0.969592]",
,56ad18b8105eb7fb5a41983f604a8876,,
,,"[0.984550,0.743965]",
,650ff82f51ee9efbeb2e641118baf105,,
,,"[1.006480,0.907238]",
,b4af7c6acfeef897969663f2a59f1528,,
,,"[0.997771,0.916883]",
,d88fe02a82f1206ce85699130cf8601f,,
,,"[1.045176,0.893784]",
,472bc3f6f4893bf4f6590be4dde6b2bb,,
,,"[0.974341,0.897282]",
,e21bc777e9e583a3ad52c32b320a558c,,
,,"[1.031578,0.692212]",
,f5feabd142d51f87e75ba368348b7290,,
,,"[1.075027,0.925319]",
,6f189463b40d45c1971854d8e7eb4db0,,
,,"[1.041229,0.748148]",
,7de53f7aabea6b4a711726d9f158bff0,,
,,"[1.013974,0.945616]",
,4d66ce90425ef1ef08622463924a0f48,,
,,"[0.961926,0.758322]",
,1d1d7c2ade6fdccedb43a0ed60d090c3,,
,,"[0.908244,0.898615]",
,115200e0a8df1946ae06a19c27d1177f,,
,,"[1.051034,0.922435]",
,eeff8f2b50729a6dd080a9f72aa9315a,,
,,"[0.927100,0.947322]",
,817f6d774e85509dca64401b0d317544,,
bikibottom,,,
,,"[1.081883,0.787641]",
,4b970a95bd4caeb13a25b8847bae53be,,
bikileft,,,
,,"[0.462284,0.838365]",
,a52af59210f69fa9c0ac8825e80e39a2,,
,,"[0.409223,0.931926]",
,1889425c49033f363772f1cf14bef746,,
,,"[0.691601,0.889837]",
,cd08839e079231859ceb0276e86b06e8,,
,,"[0.581914,0.796317]",
,ae0341426c8844033320185323cc5e9d,,
bikiright,,,
,,"[0.488624,0.808318]",
,7b1f1ba0465647373c77bded78641809,,
,,"[0.397697,0.686994]",
,3f16dc25ab279e1b71e04ba1d7a06e11,,
,,"[0.589042,0.826033]",
,07fa9c7a8a79f683318abfb1cfa54794,,
,,"[0.620192,0.793872]",
,db79a5439e6b79522f5c111a21c2bbf3,,
,,"[0.603988,0.889230]",
,6efbcdbb55451252afaf7297389e0da5,,
,,"[0.606345,0.855495]",
,7c2754f1830eddd3fc32c8b7c587e464,,
,,"[0.669409,1.048569]",
,0f343fb2c53bd47f36d9a601b6d71f3d,,
,,"[0.399731,0.802030]",
,88ebe82f60d839737efa3bfc6b2c0f74,,
,,"[0.525286,0.821094]",
,f3f83525cc7f1be1e800f274f7efe93e,,
,,"[0.642657,0.885350]",
,2c7ef7c192a7e838c99eaeca0c255e19,,
,,"[0.705732,0.791578]",
,2e1602b0d0551d026e14d757692a18bf,,
,,"[0.541176,0.714000]",
,b1c4f86f1c837e3a5f25bd23e018a8b9,,
,,"[0.631985,0.819820]",
,2d5acab841f2bc2d35eff9937ac8b3c6,,
,,"[0.498271,0.738412]",
,f88e61064804abb23555680b8a0375b9,,
,,"[0.593519,0.686888]",
,262111f17430ab7a0fb684015a5122c5,,
bikistraight,,,
,,"[0.884312,0.756608]",
,0ace48ef4c675d42b0412620cfe57787,,
,,"[1.031926,0.738765]",
,c7077a124a454e6be3b951d956e7014f,,
,,"[0.850863,0.749493]",
,4a803eabd2e177035db3ea12e2732044,,
,,"[0.929011,0.677795]",
,33a8e9ae7a23d75c9b09ed2d904ceac6,,
,,"[0.960315,0.740332]",
,29f26cd384f00ca9abe5504cd2455e0b,,
,,"[0.920278,0.761091]",
,165cdb88aa7fe901eaf0a6ea863b6ad5,,
,,"[0.817042,0.770438]",
,74db41b3469731bafc7b660bd42ac481,,
,,"[1.070938,0.706762]",
,db8ebbb62c778651cb850c4651b52250,,
,,"[1.041097,0.739289]",
,02a96d4fb68680821ff08a4c192ad902,,
,,"[0.827949,0.759529]",
,e38dca7c71560774d69778da8623c409,,
,,"[1.104646,0.704048]",
,f3779de44351d83b2f43c2848cda5449,,
,,"[0.967926,0.717429]",
,ef91666bb5180e76af4cba3e76db9991,,
,,"[0.854233,0.747536]",
,16cf116060cd4611275b0d9d0076433c,,
bikitop,,,
,,"[0.744083,0.726375]",
,9051b2cc3fe5f68dd3cd7c200e53d1ea,,
deepadown,,,
,,"[0.923500,0.489018]",
,3bb8d2cbb141c8beec6e22bbc10c9708,,
,,"[0.853367,0.479817]",
,62d518f904832aef36e51bfd466a2390,,
,,"[1.041696,0.529502]",
,2ea0e4ce54edc14ad289d6ec5e945c91,,
,,"[1.009304,0.506318]",
,a3fac2d7df017e47a108f23eeb4bf484,,
,,"[0.879844,0.521371]",
,b7f530c7dfdc1d3a43a2c08c3db55f27,,
,,"[0.919997,0.518093]",
,b1224348145ea9ed1756f3301f8c2882,,
,,"[0.989718,0.502143]",
,de45b95fb8f5f1dec33275317b6016ad,,
,,"[0.949853,0.529342]",
,04511df07d70cfaf7bf1fde3ed3cab84,,
,,"[0.935695,0.558239]",
,89ce4a9b6888f3fda46dd53bd870aac7,,
,,"[1.013078,0.540019]",
,09165f440ce9557670e855c2a26f78cb,,
,,"[1.012674,0.523343]",
,7d8c387108907ffc8bf06712335d40c1,,
,,"[0.997197,0.548865]",
,8306b0f1f3c8eaf50b08d0d08560d030,,
deepaleft,,,
,,"[0.789805,0.665021]",
,a02929ef63e8a32d3f92671ca5b62717,,
,,"[0.816735,0.652101]",
,339c3c3299c50bb3dec879dfa33d631a,,
,,"[0.587689,0.686459]",
,7e52f8dd983b589288ceb66155394b05,,
,,"[1.117384,0.614748]",
,0178e469a19aafd1ec4e5fdeb6a58b0c,,
,,"[0.794719,0.710214]",
,1844e0714af83c6bf975848e9e7fac53,,
,,"[0.854694,0.646099]",
,d5990077ec8f619aa21913fe7cbc0ba8,,
,,"[0.830531,0.637259]",
,1a94b7fef023d5ac171001b4a5ec2b16,,
,,"[0.820726,0.683755]",
,0b8bd6f6ec672c3a31a893408e761f8a,,
,,"[0.894139,0.669614]",
,d0e944d025d2e8dd92d8499d54817054,,
,,"[0.856258,0.620835]",
,bcd88ccecaea8ab1304b01a83eeb265b,,
deeparight,,,
,,"[1.473567,0.688054]",
,50d059f88a1bd6b606e3c66ddaaf30ae,,
,,"[1.816864,0.769865]",
,3edc7d575c22a670bbe07bff50745ce6,,
,,"[1.845680,0.758994]",
,2f5ed96d529de6c86bbc14c4d06d7dc0,,
,,"[2.053623,0.742048]",
,9518a06372e2684bfe573dcb6f5f1a9e,,
,,"[1.488008,0.676163]",
,e02e93123c6a50ddfbd1dea1196242de,,
,,"[1.426118,0.668130]",
,a4d3206bdbe3e48dff786f5ff909be7e,,
,,"[1.927713,0.731659]",
,0e8f7ff63f3a2ba938760b048df438e2,,
,,"[1.558061,0.656629]",
,cbbb100123c049813e386594513c4f1a,,
,,"[1.534915,0.678249]",
,5449bc6fba0e1845d74110dd4bfbeed8,,
,,"[1.586532,0.721401]",
,97a646ee7f329b475b0888a87445cfb9,,
,,"[1.688069,0.692233]",
,b089e8880e1273a49db448e4cb871a8d,,
,,"[1.757993,0.749262]",
,107700a517a6770988a0fa647c157e66,,
,,"[1.508608,0.640808]",
,e7815022fd76d4f641d761559f26d504,,
deepastraight,,,
,,"[1.032839,0.601526]",
,8fad66fbbb25c0069f666ca808c1423e,,
,,"[1.004414,0.706471]",
,d1a54368b11e11c0c25b4b08faf3e440,,
,,"[1.123738,0.637000]",
,ab13d3fdb20b8510b5dded76fe59933f,,
,,"[0.918895,0.621180]",
,877d469ad1ffde1191c4bbe3352adb04,,
,,"[0.980985,0.678414]",
,0143d4a8bd6a9561e6d83d8a7c9e04c6,,
,,"[1.107043,0.638079]",
,2c04ae8773f1fac979728c2a663e2082,,
,,"[1.071698,0.657759]",
,2f3a0802e12919017fa41282317c71c8,,
,,"[1.192238,0.659827]",
,cfc1af1b888b375ad7c87a9e4e01e891,,
,,"[0.960234,0.584096]",
,c4ce3fa75daf10acaf0a6cfef8e48915,,
,,"[1.120344,0.692842]",
,57223c1678d0a317da8612e7437f3f08,,
,,"[1.027493,0.680903]",
,c0937196db91f26926c58195a1503798,,
,,"[1.091900,0.567681]",
,665c036e0c4d52909289243206ada846,,
deepaup,,,
,,"[1.116270,0.934063]",
,58bfcd516a9aa5918625bff3fd3b5021,,
,,"[1.316312,1.036949]",
,23f75811ece27796865b656f4daafd97,,
,,"[1.038663,1.087412]",
,1a199b1dd89c2b389cda24fa323f8742,,
,,"[1.034570,0.873593]",
,bbbe2a009b950e0ba79f3128850b96af,,
,,"[1.002643,0.966923]",
,07ac9aa47f1bf0a64296c4658ced2dcb,,
,,"[1.178100,1.041113]",
,9b98e51139a397fd293c5fe567f757c8,,
,,"[1.039522,0.904167]",
,c1995273614d459c344ff8eedbec2477,,
,,"[0.980806,0.953426]",
,af7ff1f50afb0ce2e1159190c8911ea7,,
,,"[0.953499,1.101999]",
,b4840604e08e9bbea5a8a2abbcc6fe7a,,
,,"[1.057450,0.935967]",
,7665a43b0d53816e44e3709ab6e5976b,,
,,"[0.997266,0.874650]",
,b1b31a5942b7140f669ba7c8a6e054af,,
,,"[0.975701,0.968431]",
,3f77c8592d1ad751919bd387def61859,,
dinesh_straight,,,
,,"[0.884106,0.705949]",
,69033e472db7a076094eada51da7dd57,,
,,"[0.842744,0.680117]",
,7f3ee170955f747f0504a98eb0532e39,,
jeevandown2,,,
,,"[0.873579,0.485300]",
,61c2c844744ce184123dd3112a26f9e2,,
,,"[0.876239,0.436354]",
,fb49b4ac9764ecfe78e74bf9069c5018,,
,,"[0.894995,0.440400]",
,feca90c16c2ec1cc623298839f4d476f,,
,,"[1.049387,0.395640]",
,95456c3424ec52c71c22c0b7b19a72b9,,
,,"[1.659894,0.481585]",
,af5168730535e2a8b5cd49809de273cb,,
,,"[1.042691,0.353697]",
,d7c934c8a59358e9d7af6e0f7f80c7ce,,
,,"[0.892448,0.469703]",
,59b97958d69cccff9fda0b04ed88bcd6,,
,,"[0.913344,0.453369]",
,189e1c6d95f40d271fc3006681b94368,,
,,"[1.101196,0.456082]",
,bcd57b2b660ad0b930208c7ee199b06c,,
,,"[0.849288,0.416380]",
,aa8bfe550072fb3659fbaba35d0c450e,,
,,"[0.966907,0.452939]",
,d5d7886277964c4e09d27c1e9aaa8723,,
jeevanleft2,,,
,,"[0.514313,0.571368]",
,03120f0b1b049916ab67fe0fea5f94bd,,
,,"[0.377214,0.625520]",
,23e394b17eb44050d2330bc482a0b413,,
,,"[0.492954,0.573658]",
,68a3b804e5d99d6a5728e5552f5a6b64,,
,,"[0.241153,0.626871]",
,767ad0ed31d2641e81508ba071f46939,,
,,"[0.408963,0.593749]",
,91723d87db928092c9d299967714ec01,,
,,"[0.368355,0.560950]",
,35e1b96fd9ee8544fb3f0de0de66ca90,,
,,"[0.388440,0.675833]",
,cadedc47d61385e505276d6113140f67,,
,,"[0.477077,0.632586]",
,0e9d8f2f801251362ae98faefaac9c81,,
,,"[0.510547,0.657054]",
,1663b9fc73a6fd8bfa6b8f785fc217e4,,
,,"[0.724557,0.589911]",
,356d495aeea667ace2528b0284ccdca0,,
,,"[0.587306,0.659374]",
,dea921e56cbd80d349c38f1dead084f2,,
jeevanright2,,,
,,"[1.392791,0.580366]",
,4327df1cf7c1c92bcf9d0996a7f247bb,,
,,"[1.740105,0.616582]",
,6e9ede91775400a07adb23db1cf97be5,,
,,"[2.073618,0.598326]",
,8e6c49564b2771add6d925da3d7c80e3,,
,,"[1.432752,0.568772]",
,e82d37da32055d66ba8701257e1757d7,,
,,"[1.461316,0.556717]",
,a62d2bb2e50e5bf8b6354a3005abbbb1,,
,,"[1.705178,0.574817]",
,383d18518ba7e50ce1289388de7e49b1,,
,,"[2.362797,0.526998]",
,b58e1d957eef38ca731ad2e688ed8713,,
,,"[1.578846,0.615149]",
,78d7c52b7092f33d2514d4c388105fb3,,
,,"[1.584253,0.622802]",
,30cf6619dbb0da516e4025910cf6d006,,
,,"[1.406414,0.577570]",
,090a4fb1f20f2ffa04805681af4c5e90,,
,,"[1.732944,0.551012]",
,83102918ef4f472f56d9133aa6729145,,
,,"[1.779288,0.552225]",
,551fde8fda5fd4889ea24406557f84d6,,
,,"[1.228307,0.578167]",
,ed234ede5c364b9859ecd344cad32a4b,,
jeevanstraight2,,,
,,"[1.148866,0.642614]",
,fac23b476c7e976c292c1bcdc0a1bce0,,
,,"[1.035954,0.679126]",
,7e2260defd275731d92d4badafa3f826,,
,,"[1.011106,0.607711]",
,3d6a417d61b67a031b84c15b78e8f82f,,
,,"[0.998993,0.598251]",
,0bd47b3f099b2f3238edc254451042e6,,
,,"[1.109760,0.579293]",
,ad04a559c7a9c55067675cf0634619fb,,
,,"[0.633618,0.666682]",
,26389d28fe625b063b1cef47c7377a0a,,
,,"[0.913203,0.613953]",
,ac61073db8f481fe75bceda0ca03cdf5,,
,,"[1.047914,0.657219]",
,7399002f3104d04f8179fec75e9de9a7,,
,,"[1.044437,0.658312]",
,9c120d411a41312bc79721be3009f224,,
,,"[0.879547,0.622144]",
,72524cf9f25ff6c898155151ece5fb46,,
,,"[1.050625,0.618006]",
,5633a8fa8f8b2a2a81d3682a5eef8178,,
,,"[1.015032,0.632223]",
,c29964e8c7564fc851f38e9e6b63fffc,,
,,"[0.852084,0.650188]",
,8dcd9250b46d6e980b481f0d13181d57,,
,,"[1.027908,0.655839]",
,a1cb05d370da947dfb18a17dd30336b1,,
,,"[0.952225,0.576539]",
,f579fbd48ec4381d2180bfe8e0768f21,,
,,"[1.104576,0.695405]",
,09a44b948f48b1074d822ecbe29c2c26,,
,,"[1.222826,0.573482]",
,8a08c3823b2784cccb5248cea925344d,,
,,"[1.277199,0.784358]",
,bf63508f3066b4339ccdb3c9669ffeaa,,
,,"[1.095333,0.683630]",
,fe997ee6685e94ab9f115223f5104b5f,,
,,"[1.198898,0.508309]",
,76f4ec21d94b997fa873659dfda86a6a,,
jeevanup2,,,
,,"[1.115969,1.134395]",
,027a37723b4732c45cadc749aff2185d,,
,,"[0.939696,1.203785]",
,3317c3ce5647b253feff8b0f629dd239,,
,,"[1.117628,1.260994]",
,81fc7e0684bc44a6ae97aa4c8c38ce1a,,
,,"[0.928032,1.125251]",
,7c98b9d4866a37e36a413eb7f00116b6,,
,,"[0.989943,1.063351]",
,4d7956b430253f8cb49d3495d88267c0,,
,,"[0.843060,0.424533]",
,f6a7487b0c2940f2a698f9eab8dd06f7,,
,,"[0.787146,0.865132]",
,6114bb0d3bec512f28f2633cecd72bee,,
,,"[1.061593,1.174896]",
,22fe810b05eb83a7c7d8f8a93b80c688,,
,,"[1.135224,1.166212]",
,de4d6ded528a855e887742e1b6243068,,
,,"[0.816110,0.449307]",
,f6b3c76fef8da9072db454610333170d,,
,,"[0.896275,1.082912]",
,40d51c84ca9b2de633028b46666c7979,,
,,"[1.025138,1.085663]",
,454931daa499befcac2d950f950e8440,,
,,"[0.616260,0.925356]",
,66e7c7a0d5400eac85e48a20169d0936,,
,,"[0.942818,1.196493]",
,337dfbc433d351e47626b6c3080bd713,,
,,"[1.041971,0.444807]",
,0a0309ba1dc89465950ac00ce659d195,,
,,"[1.044411,0.755843]",
,b623616f58f51a525001c0c75ffbb26a,,
,,"[0.851527,0.956226]",
,32a5b1edfdd2abf48b58016c3c3d9e7c,,
,,"[1.012157,0.488555]",
,ae0c86a838154aa91d4502055bf274d6,,
,,"[0.991169,1.131866]",
,53d8394407bd588e77bba1da3f273710,,
,,"[1.135883,1.233788]",
,f2c4517e49ad562b6932d814125fbae4,,
,,"[0.951999,0.500073]",
,dc95a23bb16dcffda6e0c69a8f299782,,
,,"[1.114883,1.175906]",
,0a8fb2b966c99838092ae8ef471250dd,,
madhu_bottom,,,
,,"[0.963332,0.378093]",
,3b27279cfa9d82697ffb295eedb997c3,,
,,"[0.999562,0.360507]",
,cca96af908466a53af5dbe36333986be,,
,,"[0.993640,0.417642]",
,63d1002724f345439dd59c73016f5db0,,
,,"[1.070436,0.426328]",
,deb97a80b04fbd31bce46a4b9d9175f1,,
,,"[0.955540,0.370882]",
,1de8f7031c7c4d0b8cc001dd31036ae7,,
,,"[0.999539,0.406903]",
,cb6afa766ddf054a0b561d449bce6730,,
,,"[1.046898,0.559461]",
,4bdb81078f3f95b9fc29dc4e62212f6d,,
,,"[0.941866,0.355600]",
,c954696bad000b51a5420a2a815d1b58,,
,,"[0.992766,0.548397]",
,9a1d3e5b570a1b77a4752ceeec582d66,,
,,"[0.924663,0.430501]",
,27ff49de3051649890ee65d6956e3528,,
,,"[1.261721,0.757475]",
,07b51756602e3ff8825d4df41e15e037,,
,,"[1.040852,0.373624]",
,c17c646939882c7c9f6e18719e203896,,
,,"[0.975913,0.401844]",
,73e84a8ac647879b25c14401f26f8a62,,
,,"[1.058184,0.422041]",
,affba9f0c79fb97d98c7c6e2bcfb948c,,
,,"[0.980590,0.451937]",
,53e4e9fcf62e1b637919735653623eb0,,
,,"[0.983214,0.429680]",
,99637e8a608b45684bfe45ba1bfe6e4a,,
,,"[1.002558,0.338750]",
,be78b53c0e8fb6d4eada33326ea011b2,,
madhu_left,,,
,,"[0.528219,0.582671]",
,6ca8a330999322b81f00b8b29e097ac4,,
,,"[0.507810,0.523970]",
,6d246d4ad310914ad255fb7f211d28ad,,
,,"[0.593511,0.572475]",
,82a5c5a576f032c77748b073046a6458,,
,,"[0.589749,0.632323]",
,038ea92b97f85da322482f0bafebbdd9,,
,,"[0.613090,0.576395]",
,23dbe7c498612ce2d25e22d64a1cb325,,
,,"[0.514075,0.593466]",
,88401dfa3baf5eff730e0eed281255c7,,
,,"[0.493368,0.598906]",
,68485af944bef7cd99993049b58fdb60,,
,,"[0.415701,0.621139]",
,3cb50020a5f773dd748e438a56d19393,,
,,"[0.516287,0.594390]",
,dab7d884879cc1fbf5a5e938d63bc10f,,
,,"[0.588857,0.559375]",
,d024a25b0fc899f781809152a9a8507d,,
,,"[0.524201,0.554717]",
,73c95d12f7640019a47f35f091835d71,,
madhu_right,,,
,,"[1.390026,0.610301]",
,fc7c85efea0435790ad43b067d3417fc,,
,,"[1.365217,0.596157]",
,fe6664d5eed03e2499e863e7515f9d1c,,
,,"[1.236391,0.660474]",
,3aa959eba01bd90fd190bbea57572e10,,
,,"[1.600517,0.569560]",
,363a959e255bfc2d837c86fc6bc0487d,,
,,"[1.424706,0.601048]",
,0261067b99073031a4196b01defcc90b,,
,,"[1.381461,0.613683]",
,8392ad40520cebaeccce27498626d715,,
,,"[1.275174,0.675848]",
,bbbc3bd0c9c94beb87eb731596218ebc,,
,,"[1.408078,0.595661]",
,e1a0eb4979a0c1233df21c0f7c4cb078,,
,,"[1.402219,0.560587]",
,5824034ab086cadb3188d874f85a60ab,,
,,"[1.475060,0.599818]",
,4c8c3eb5596584c7a62175a21e833cb5,,
,,"[1.496802,0.584183]",
,9e43b0c7ca4993a29ef48ff9c07c947e,,
,,"[0.987487,0.435023]",
,ae16c32f58c99e3044915ab7f0480ef0,,
madhu_straight,,,
,,"[1.043048,0.642502]",
,1f91e349d05488eec3d5f32cff0279e8,,
,,"[1.135945,0.632844]",
,1d3e97c1731b8918b68cdcefae5b80e5,,
,,"[1.061507,0.643521]",
,520ed3964694f537d480c9a92b23655d,,
,,"[1.087722,0.618344]",
,c1f0c4c73a819df0e611dd3c7616148e,,
,,"[1.063018,0.638077]",
,a0d2ffd72137307b0d1837ae6a40547c,,
,,"[1.046566,0.638476]",
,0075dcd283fccead6052394c7ec93a68,,
,,"[1.127531,0.626635]",
,e067798e2061119fb1648f01256e85a6,,
,,"[1.092822,0.637579]",
,a40dd9edda3468b31e01ea1b3df97dba,,
,,"[1.074023,0.634555]",
,97123485041f34be77d2d50daeb603cb,,
,,"[1.089578,0.649755]",
,fa8bdbb1c61ee15bf56ce758b6046be3,,
,,"[1.110236,0.621203]",
,412d0f3315442c8210cdcffc8e260961,,
,,"[1.040191,0.576239]",
,322570ae436ecd8dea52efd9d4d2e5be,,
madhu_top,,,
,,"[1.155134,1.022760]",
,17ba3240095c4dc5e7d2e4bb914020cd,,
,,"[1.080015,0.910095]",
,b1ffda68a3fcd9af632072f81d085b67,,
,,"[1.091985,0.941539]",
,bf4113deb9aaa173fe6f4999e4d56915,,
,,"[1.085120,0.874174]",
,34669162dba5c826c43ea8fb86e4cbef,,
,,"[1.096848,0.821113]",
,3dcf172d22c9719788b575cffdf43c37,,
,,"[1.094993,0.913329]",
,a368fc43381d6007765f7a1464758165,,
,,"[1.148918,0.876397]",
,67f9e6e6e528d25c5eb93aac3b35b9be,,
,,"[1.083692,0.931795]",
,13b025d0a5fff7e551b1c48fd19ddf7f,,
,,"[1.090456,1.052576]",
,45b15dc6fe0a8ff282c2841a517737ce,,
,,"[1.011817,0.919127]",
,966c826925d68d2a39ccd18027103faa,,
,,"[1.097406,0.904577]",
,0f073f9a68698dbde1a13ddcd622ecf9,,
,,"[1.109822,0.722985]",
,bf85a2880ac8e2c5162b681e56febb3e,,
phani_down_1,,,
,,"[0.842709,0.469535]",
,87ea310266d2bbee24dd2cbdc68c1843,,
,,"[0.916301,0.534016]",
,b7f2c9a4be2df735d46050d8fa00e89c,,
,,"[0.890724,0.486620]",
,093d2622f648d6dd6be1c08149e2c8de,,
ribhuright,,,
,,"[1.163577,0.724835]",
,d0d55034ef39fdbeadcf289bab9e5529,,
,,"[0.905217,0.737128]",
,691f3b573401220c6f482c15c3db52ba,,
,,"[1.899477,0.748839]",
,9535c41b5f44e3f822ddfc5f1db9cd94,,
,,"[1.245238,0.716541]",
,67f28f2eb89e4fd54ffb58bbbf809c4b,,
,,"[0.892671,0.822447]",
,bab274ff82d715f165cd4310934554f3,,
,,"[1.038236,0.587701]",
,5a8b5a8fdde5c99d2c88015008e2d4ac,,
,,"[1.525763,0.761487]",
,8fc051b50fc6d63feee1a0641891ff51,,
ribhustraight,,,
,,"[0.353601,0.739738]",
,aa20b603b02a46775c95c6fe2fde7904,,
,,"[0.948848,0.748274]",
,08fd835dee767ea069ce84ca583852cf,,
,,"[1.105588,0.640428]",
,efdce14bc8e88aae0429ffa5aa2a77bf,,
,,"[1.076231,0.681907]",
,82375cb7e3e2cc0ded14fac4241f3e11,,
,,"[1.153295,0.731668]",
,93cb0bdc3130f71de7656832e55ba6fa,,
,,"[0.941642,0.535133]",
,1fe1cdadad781c273c26a35626ebd677,,
,,"[1.127498,0.812596]",
,81e45e6b5a8de1215fd4e98679160a3d,,
,,"[1.070359,0.577567]",
,60821163bf316bb771dc93fc5053aaf1,,
,,"[1.325804,0.640742]",
,c6bffa72bfe3cee4185e72fa64d7816a,,
,,"[1.084761,0.711225]",
,f539527092f37996dcd3763ef6848a85,,
,,"[1.016553,0.723747]",
,7ab0f6835b7eb8e0a2ab12884ddf3f82,,
,,"[0.956849,0.548920]",
,ccca61cc5d3cba9bfc1c5eb12727a3ac,,
,,"[0.847582,0.766104]",
,bb7937e37bd5a7dc5d4aac8ae8395976,,
,,"[1.045348,0.690707]",
,07ef521a21d6436ed67df50cad289e92,,
,,"[1.133775,0.690581]",
,b2da8e3e3f3c7fcbedaefec47a9bd451,,
santhosh,,,
,,"[0.924670,0.688097]",
,de4f763444ba836144c2151a4b2c47e7,,
,,"[0.826366,0.764542]",
,4afe3d5bb6a20e3a14ddbc94b71b7b37,,
shank,,,
,,"[0.511763,0.658010]",
,13562aaf56150561f2699b1d814d0551,,
,,"[0.525801,0.683168]",
,a2e66f5e0181d9ab808b7f428a4d71c8,,
,,"[1.071166,0.436633]",
,e6eb2179a3cf3886aa7173428f59f8e2,,
,,"[1.078105,0.652911]",
,610ac6f9a6ff05361bd10eef5da9b98f,,
,,"[0.867430,0.899113]",
,b1ed43d1c951d790047df33f1976a891,,
,,"[1.083827,0.696563]",
,03e3f05d4a0db59a2e43c71e66da2c83,,
,,"[1.126149,0.965935]",
,b2b2249518d1b132537750e318c2b6b0,,
,,"[1.137849,0.636752]",
,4c8dc2e3882c7fd954f1d7e213a66e83,,
,,"[1.124466,0.660227]",
,2fffa6a5d43b3d4639d6ec278f7ca64c,,
,,"[1.164666,0.623575]",
,5a51a8959d836b5cedf15bbd7f9d129d,,
,,"[1.019310,0.405839]",
,6eb3a8d6e6e1624109a4ef38d3536de1,,
,,"[0.937769,0.406537]",
,41d1acbf975bd9436c088f500a63cae2,,
,,"[1.551688,0.662888]",
,3fb0b3a689af0d32ed6b48e9648596db,,
,,"[1.165891,0.668537]",
,e5d8a97fd7048bbe67af54846fb3b213,,
,,"[1.113770,0.561743]",
,7c3df5b592ee581edbb7dae95540a0f0,,
,,"[0.589827,0.873055]",
,3325f07cf725d8817154fc477f79687e,,
,,"[1.114116,0.609567]",
,a1b2942a72f9c861f310fc53fa776447,,
,,"[1.157510,0.549272]",
,bc874477b138cb64aaba4c04a7a73323,,
,,"[1.110971,0.632568]",
,,"[1.103313,0.641721]",
tibhulrft,,,
,,"[3.368449,0.707276]",
,685e058ab67cb4ccbb5ad38fcfd86b18,,
,,"[0.488372,0.686184]",
,fe88f1748667f3a8b68eccb6c44a284e,,
